2025-11-25_18-04-41,---,draft.py:2025-11-25_18-04-41
2025-11-25_18-40-11,---,draft.py:2025-11-25_18-40-11
2025-11-25_18-52-24,40,draft.py:2025-11-25_18-52-24
2025-11-25_18-52-37,40,draft.py:2025-11-25_18-52-24
2025-11-25_18-54-05,60,draft.py:2025-11-25_18-54-05
2025-11-25_18-54-41,60,draft.py:2025-11-25_18-54-41
2025-11-25_18-55-27,80,draft.py:2025-11-25_18-55-27
2025-11-25_19-02-23,100,draft.py:2025-11-25_19-02-23
2025-11-25_19-02-37,100,draft.py:2025-11-25_19-02-23
2025-11-26_10-13-30,100,draft.py:2025-11-25_19-02-23
2025-11-26_10-13-41,100,draft.py:2025-11-25_19-02-23
