2025-11-26_10-14-43,---,draft.py:2025-11-26_10-14-43
2025-11-26_10-30-14,0,draft.py:2025-11-26_10-30-14
2025-11-26_10-33-36,0,draft.py:2025-11-26_10-33-36
2025-11-26_10-49-09,---,draft.py:2025-11-26_10-49-09
2025-11-29_16-41-24,0,draft.py:2025-11-26_10-49-09
2025-11-29_16-41-25,---,draft.py:2025-11-26_10-49-09
2025-11-29_16-41-42,0,draft.py:2025-11-26_10-49-09
2025-11-29_17-04-56,---,draft.py:2025-11-29_17-04-56
2025-11-29_17-43-04,0,draft.py:2025-11-29_17-43-04
2025-11-29_17-43-41,0,draft.py:2025-11-29_17-43-41
2025-11-29_17-44-56,100,draft.py:2025-11-29_17-44-56
